{
  "accuracy": [
    0.6176753044128418,
    0.6436119079589844,
    0.7026897072792053,
    0.7156580090522766,
    0.6796349883079529,
    0.6863592863082886,
    0.7055715918540955,
    0.7233429551124573,
    0.7473583221435547,
    0.7454370856285095,
    0.7641690969467163,
    0.7829010486602783,
    0.7838616967201233,
    0.7877041101455688,
    0.7867435216903687,
    0.7953890562057495,
    0.7997118234634399,
    0.8078770637512207,
    0.8059558272361755,
    0.8049951791763306,
    0.819884717464447,
    0.8107588887214661,
    0.8141210079193115,
    0.8256484270095825,
    0.8261287212371826,
    0.8309317827224731,
    0.8357348442077637,
    0.8323727250099182,
    0.8280499577522278,
    0.8170028924942017
  ],
  "auc": [
    0.6750292181968689,
    0.7162476778030396,
    0.766835629940033,
    0.7882924675941467,
    0.7504900097846985,
    0.749005138874054,
    0.7901044487953186,
    0.8084195852279663,
    0.8357674479484558,
    0.8209452033042908,
    0.8481911420822144,
    0.8534417152404785,
    0.8667714595794678,
    0.8688756227493286,
    0.8700818419456482,
    0.8816245198249817,
    0.8894959688186646,
    0.8763940930366516,
    0.8865970373153687,
    0.8823268413543701,
    0.8965927958488464,
    0.8914848566055298,
    0.8917962312698364,
    0.9009119868278503,
    0.9067861437797546,
    0.9068120121955872,
    0.9142513275146484,
    0.9065093994140625,
    0.9032014012336731,
    0.897045373916626
  ],
  "loss": [
    0.8513550162315369,
    0.7970051765441895,
    0.7447932362556458,
    0.7198253273963928,
    0.7569624781608582,
    0.7585211992263794,
    0.7128252387046814,
    0.6884506344795227,
    0.6582162380218506,
    0.6720359325408936,
    0.6435540914535522,
    0.6284590363502502,
    0.6101951599121094,
    0.611606240272522,
    0.6061728596687317,
    0.583808422088623,
    0.5687209367752075,
    0.5943141579627991,
    0.5727118253707886,
    0.5808005928993225,
    0.556972324848175,
    0.5626835823059082,
    0.5635789036750793,
    0.546847939491272,
    0.5356713533401489,
    0.5360226631164551,
    0.519156813621521,
    0.5350374579429626,
    0.5428013801574707,
    0.550931990146637
  ],
  "precision": [
    0.7533632516860962,
    0.768577516078949,
    0.795860767364502,
    0.7949640154838562,
    0.7973387837409973,
    0.7857828736305237,
    0.8171828389167786,
    0.8212237358093262,
    0.8438095450401306,
    0.8078902363777161,
    0.8388540744781494,
    0.8466898798942566,
    0.8530973196029663,
    0.8409475684165955,
    0.8520140051841736,
    0.8555363416671753,
    0.8609904646873474,
    0.8504132032394409,
    0.8606837391853333,
    0.8573853969573975,
    0.8696020245552063,
    0.8624787926673889,
    0.8560793995857239,
    0.8721615076065063,
    0.8741554021835327,
    0.8764705657958984,
    0.8774999976158142,
    0.8657445311546326,
    0.8702163100242615,
    0.8714653253555298
  ],
  "recall": [
    0.5384615659713745,
    0.5801281929016113,
    0.6778846383094788,
    0.7083333134651184,
    0.6241987347602844,
    0.6554487347602844,
    0.6554487347602844,
    0.6883012652397156,
    0.7099359035491943,
    0.754807710647583,
    0.7508012652397156,
    0.7788461446762085,
    0.7724359035491943,
    0.7964743375778198,
    0.7796474099159241,
    0.7924679517745972,
    0.7940705418586731,
    0.8245192170143127,
    0.8068910241127014,
    0.8092948794364929,
    0.8229166865348816,
    0.8141025900840759,
    0.8293269276618958,
    0.8309294581413269,
    0.8293269276618958,
    0.8357371687889099,
    0.84375,
    0.8525640964508057,
    0.8381410241127014,
    0.8149038553237915
  ],
  "val_accuracy": [
    0.685520350933075,
    0.6583710312843323,
    0.5067873597145081,
    0.5633484125137329,
    0.5226244330406189,
    0.6357465982437134,
    0.6990950107574463,
    0.5,
    0.5995475053787231,
    0.6787330508232117,
    0.733031690120697,
    0.7556561231613159,
    0.7828054428100586,
    0.7692307829856873,
    0.7511312365531921,
    0.733031690120697,
    0.7579185366630554,
    0.5610859990119934,
    0.8257918357849121,
    0.8167420625686646,
    0.8348416090011597,
    0.7466063499450684,
    0.7488687634468079,
    0.8009049892425537,
    0.8235294222831726,
    0.8461538553237915,
    0.8416289687156677,
    0.766968309879303,
    0.7624434232711792,
    0.7782805562019348
  ],
  "val_auc": [
    0.7366001605987549,
    0.7161290645599365,
    0.7099334001541138,
    0.712964653968811,
    0.6889196038246155,
    0.7481822967529297,
    0.7922171354293823,
    0.7042703032493591,
    0.7366205453872681,
    0.7688888907432556,
    0.8399180769920349,
    0.8488888740539551,
    0.8681311011314392,
    0.8501894474029541,
    0.8654480576515198,
    0.8622632026672363,
    0.8741628527641296,
    0.7902815937995911,
    0.8925141096115112,
    0.8890323042869568,
    0.8921351432800293,
    0.8663082718849182,
    0.8690835237503052,
    0.9009933471679688,
    0.8989349603652954,
    0.8999999761581421,
    0.905622124671936,
    0.874767005443573,
    0.88545823097229,
    0.8691142797470093
  ],
  "val_loss": [
    0.8131780624389648,
    0.825981855392456,
    0.8856182098388672,
    0.820226788520813,
    0.8737855553627014,
    0.7570390701293945,
    0.7074239253997803,
    1.0068920850753784,
    0.8786570429801941,
    0.9003452062606812,
    0.6826323866844177,
    0.6558258533477783,
    0.6163230538368225,
    0.644064724445343,
    0.6961796283721924,
    0.8132842183113098,
    0.6608546376228333,
    1.1738228797912598,
    0.5654758810997009,
    0.5808536410331726,
    0.5673885941505432,
    0.6789171695709229,
    0.7024943232536316,
    0.5642935037612915,
    0.5599738359451294,
    0.5539420247077942,
    0.5390478372573853,
    0.7387850880622864,
    0.6442884206771851,
    0.664667010307312
  ],
  "val_precision": [
    0.8208954930305481,
    0.7402597665786743,
    0.5079726576805115,
    0.54347825050354,
    0.9375,
    0.6194030046463013,
    0.707207202911377,
    0.5714285969734192,
    0.7857142686843872,
    0.8373983502388,
    0.8407643437385559,
    0.8342857360839844,
    0.8341968655586243,
    0.818652868270874,
    0.9020978808403015,
    0.9083969593048096,
    0.8554216623306274,
    0.8297872543334961,
    0.8032786846160889,
    0.78125,
    0.8584905862808228,
    0.8791946172714233,
    0.8904109597206116,
    0.7624521255493164,
    0.7928286790847778,
    0.8651162981987,
    0.832617998123169,
    0.9013158082962036,
    0.7027027010917664,
    0.7591836452484131
  ],
  "val_recall": [
    0.4888888895511627,
    0.5066666603088379,
    0.9911110997200012,
    0.8888888955116272,
    0.06666667014360428,
    0.7377777695655823,
    0.6977777481079102,
    0.07111111283302307,
    0.2933333218097687,
    0.4577777683734894,
    0.5866666436195374,
    0.648888885974884,
    0.7155555486679077,
    0.7022222280502319,
    0.5733333230018616,
    0.5288888812065125,
    0.6311110854148865,
    0.1733333319425583,
    0.8711110949516296,
    0.8888888955116272,
    0.8088889122009277,
    0.5822222232818604,
    0.5777778029441833,
    0.8844444155693054,
    0.8844444155693054,
    0.8266666531562805,
    0.8622221946716309,
    0.6088888645172119,
    0.9244444370269775,
    0.8266666531562805
  ],